{"CalibrationInformation":{"Cameras":[{"Intrinsics":{"ModelParameterCount":14,"ModelParameters":[0.50117456912994385,0.50129920244216919,0.49117687344551086,0.49127498269081116,2.8959972858428955,1.9356019496917725,0.10493364185094833,3.2284960746765137,2.8711311817169189,0.53988802433013916,0,0,0.00016637815861031413,-0.0001039055350702256],"ModelType":"CALIBRATION_LensDistortionModelBrownConrady"},"Location":"CALIBRATION_CameraLocationD0","Purpose":"CALIBRATION_CameraPurposeDepth","MetricRadius":1.7399997711181641,"Rt":{"Rotation":[1,0,0,0,1,0,0,0,1],"Translation":[0,0,0]},"SensorHeight":1024,"SensorWidth":1024,"Shutter":"CALIBRATION_ShutterTypeUndefined","ThermalAdjustmentParams":{"Params":[0,0,0,0,0,0,0,0,0,0,0,0]}},{"Intrinsics":{"ModelParameterCount":14,"ModelParameters":[0.49988657236099243,0.50608795881271362,0.47414436936378479,0.63203030824661255,0.38943207263946533,-2.5998744964599609,1.5741217136383057,0.27037939429283142,-2.4200778007507324,1.4962263107299805,0,0,9.4762552180327475E-5,0.0001329889491898939],"ModelType":"CALIBRATION_LensDistortionModelBrownConrady"},"Location":"CALIBRATION_CameraLocationPV0","Purpose":"CALIBRATION_CameraPurposePhotoVideo","MetricRadius":0,"Rt":{"Rotation":[0.99999690055847168,0.002320936881005764,0.00087412807624787092,-0.0023961772676557302,0.99506860971450806,0.099160008132457733,-0.00063967326423153281,-0.099161796271801,0.99507111310958862],"Translation":[-0.032022561877965927,-0.0021249041892588139,0.0039911316707730293]},"SensorHeight":3072,"SensorWidth":4096,"Shutter":"CALIBRATION_ShutterTypeUndefined","ThermalAdjustmentParams":{"Params":[0,0,0,0,0,0,0,0,0,0,0,0]}}],"InertialSensors":[{"BiasTemperatureModel":[-0.0014224493643268943,0,0,0,0.0051258918829262257,0,0,0,-0.0073234280571341515,0,0,0],"BiasUncertainty":[9.9999997473787516E-5,9.9999997473787516E-5,9.9999997473787516E-5],"Id":"CALIBRATION_InertialSensorId_LSM6DSM","MixingMatrixTemperatureModel":[0.9963233470916748,0,0,0,0.00067126046633347869,0,0,0,-0.00044247627374716103,0,0,0,0.00067167915403842926,0,0,0,0.99571430683135986,0,0,0,0.0034843992907553911,0,0,0,-0.0004430112021509558,0,0,0,0.00348643702454865,0,0,0,0.99513202905654907,0,0,0],"ModelTypeMask":16,"Noise":[0.00095000001601874828,0.00095000001601874828,0.00095000001601874828,0,0,0],"Rt":{"Rotation":[0.0040312535129487514,0.11186468601226807,-0.99371528625488281,-0.999984622001648,-0.0033325278200209141,-0.0044318367727100849,-0.0038073498290032148,0.99371784925460815,0.11184953153133392],"Translation":[0,0,0]},"SecondOrderScaling":[0,0,0,0,0,0,0,0,0],"SensorType":"CALIBRATION_InertialSensorType_Gyro","TemperatureBounds":[5,60],"TemperatureC":0},{"BiasTemperatureModel":[0.14380493760108948,0,0,0,0.085959143936634064,0,0,0,-0.14026884734630585,0,0,0],"BiasUncertainty":[0.0099999997764825821,0.0099999997764825821,0.0099999997764825821],"Id":"CALIBRATION_InertialSensorId_LSM6DSM","MixingMatrixTemperatureModel":[0.9845428466796875,0,0,0,-0.000821888679638505,0,0,0,-0.0039333058521151543,0,0,0,-0.000818406930193305,0,0,0,0.9887157678604126,0,0,0,3.7983034417266026E-5,0,0,0,-0.00391206331551075,0,0,0,3.7938618334010243E-5,0,0,0,0.98988831043243408,0,0,0],"ModelTypeMask":56,"Noise":[0.010700000450015068,0.010700000450015068,0.010700000450015068,0,0,0],"Rt":{"Rotation":[-0.0042913667857646942,0.10469779372215271,-0.99449479579925537,-0.99997764825820923,-0.0055537475273013115,0.0037303415592759848,-0.0051326146349310875,0.99448859691619873,0.10471928119659424],"Translation":[-0.051084212958812714,0.0037046184297651052,0.00096953450702130795]},"SecondOrderScaling":[0,0,0,0,0,0,0,0,0],"SensorType":"CALIBRATION_InertialSensorType_Accelerometer","TemperatureBounds":[5,60],"TemperatureC":0}],"Metadata":{"SerialId":"000695103712","FactoryCalDate":"9/12/2020 8:39:57 AM GMT","Version":{"Major":1,"Minor":2},"DeviceName":"AzureKinect-PV","Notes":"PV0_max_radius_invalid"}}}